epoch,loss,lr,out_large_loss,out_medium_loss,out_small_loss,val_loss,val_out_large_loss,val_out_medium_loss,val_out_small_loss
2,7.137566089630127,0.001,2.54720139503479,2.2935943603515625,1.9665409326553345,7.13600492477417,2.5060083866119385,2.2833306789398193,2.0236854553222656
3,6.853067874908447,0.001,2.4523797035217285,2.203261613845825,1.8856333494186401,6.816529750823975,2.4273102283477783,2.2111618518829346,1.8783295154571533
4,6.612088680267334,0.001,2.3803536891937256,2.132798433303833,1.8158823251724243,7.516583442687988,2.7352094650268555,2.502639055252075,2.0107107162475586
5,6.395249843597412,0.001,2.298370361328125,2.0702126026153564,1.7791657447814941,6.177722454071045,2.2475178241729736,1.962368369102478,1.7373790740966797
6,6.174807548522949,0.001,2.231313705444336,2.006173610687256,1.723455548286438,6.616507530212402,2.3360989093780518,2.136863946914673,1.9405173063278198
7,6.014460563659668,0.001,2.155139207839966,1.9671995639801025,1.6949937343597412,5.953965663909912,2.0551979541778564,1.939690351486206,1.7628496885299683
8,5.908269882202148,0.001,2.1103787422180176,1.9419857263565063,1.6615031957626343,6.203476428985596,2.2083818912506104,2.036241054534912,1.7594929933547974
9,5.811875820159912,0.001,2.082630157470703,1.8993244171142578,1.6297366619110107,5.798409938812256,2.046628475189209,1.8913025856018066,1.6564956903457642
10,5.742180347442627,0.001,2.045881986618042,1.8794530630111694,1.6142172813415527,5.723873138427734,1.9663294553756714,1.8433830738067627,1.7097840309143066
11,5.6469221115112305,0.001,2.002354383468628,1.845069169998169,1.5935766696929932,5.733006477355957,1.982702612876892,1.8674160242080688,1.6758739948272705
12,5.593351364135742,0.001,1.9848071336746216,1.8173404932022095,1.5816559791564941,5.6998748779296875,1.9981931447982788,1.8291243314743042,1.6597812175750732
13,5.546174049377441,0.001,1.972735047340393,1.8007019758224487,1.5583001375198364,5.824793338775635,2.014953136444092,1.9180413484573364,1.6734405755996704
14,5.51505184173584,0.001,1.9478226900100708,1.795519471168518,1.552192211151123,5.829155921936035,2.0306291580200195,1.8548871278762817,1.7215462923049927
15,5.443741798400879,0.001,1.9095077514648438,1.770198941230774,1.5388269424438477,5.583155155181885,1.952889323234558,1.8040908575057983,1.5974594354629517
16,5.43102502822876,0.001,1.9088044166564941,1.7581086158752441,1.5330270528793335,5.878902912139893,2.013792037963867,1.9224988222122192,1.7073895931243896
17,5.385124206542969,0.001,1.888293743133545,1.738079309463501,1.5208457708358765,5.712963104248047,1.9939043521881104,1.827813982963562,1.649442434310913
18,5.360901832580566,0.001,1.8712702989578247,1.7277369499206543,1.5183151960372925,5.581506252288818,1.9370285272598267,1.7838146686553955,1.6128803491592407
19,5.352666854858398,0.001,1.869684100151062,1.7233091592788696,1.5093330144882202,5.760284900665283,1.9986799955368042,1.8808717727661133,1.6257362365722656
20,5.313547611236572,0.001,1.8527041673660278,1.7048985958099365,1.4983322620391846,5.746853828430176,2.005732536315918,1.825074315071106,1.6547412872314453
21,5.274590969085693,0.001,1.823625087738037,1.7002809047698975,1.4865617752075195,5.720208644866943,2.0046539306640625,1.8321856260299683,1.6145873069763184
22,5.249803066253662,0.001,1.8060094118118286,1.6807358264923096,1.491241455078125,5.624696731567383,1.8898216485977173,1.8420450687408447,1.6169440746307373
23,5.030339241027832,0.0005,1.717056393623352,1.6032369136810303,1.4369959831237793,5.595818519592285,1.9225941896438599,1.8224557638168335,1.5792843103408813
24,4.939681053161621,0.0005,1.664734125137329,1.5763627290725708,1.4281063079833984,5.640654563903809,1.934086799621582,1.8328776359558105,1.6033945083618164
25,4.89045524597168,0.0005,1.6553131341934204,1.5511220693588257,1.4135432243347168,5.5323486328125,1.9153772592544556,1.7746119499206543,1.5713212490081787
26,4.849950313568115,0.0005,1.6391609907150269,1.529882550239563,1.409217119216919,5.941540241241455,2.0904335975646973,1.933127760887146,1.6450697183609009
27,4.794926166534424,0.0005,1.6079639196395874,1.5160431861877441,1.3972235918045044,5.640467643737793,1.9481669664382935,1.8204237222671509,1.5966895818710327
28,4.772000312805176,0.0005,1.592798113822937,1.5004363059997559,1.4023442268371582,5.63217830657959,1.9544836282730103,1.8440109491348267,1.555586576461792
29,4.722290515899658,0.0005,1.5595015287399292,1.4926528930664062,1.3909372091293335,5.743854522705078,1.964907169342041,1.883584976196289,1.6144647598266602
30,4.53264856338501,0.00025,1.4664474725723267,1.4299694299697876,1.355872631072998,5.986352920532227,2.1712722778320312,1.9383914470672607,1.5966519117355347
31,4.45413875579834,0.00025,1.4180989265441895,1.402822732925415,1.353426456451416,5.826950550079346,2.069004535675049,1.887751817703247,1.590450644493103
32,4.396931171417236,0.00025,1.3847932815551758,1.3874469995498657,1.3449541330337524,5.831095218658447,2.087357759475708,1.8895174264907837,1.574361801147461
33,4.361249923706055,0.00025,1.3564612865447998,1.3816977739334106,1.343125343322754,5.968744277954102,2.1434855461120605,1.9549906253814697,1.5900534391403198
34,4.227818965911865,0.000125,1.2781351804733276,1.342627763748169,1.327083706855774,6.038440227508545,2.2248075008392334,1.920650601387024,1.613213300704956
35,4.16492223739624,0.000125,1.2475329637527466,1.319332480430603,1.3184242248535156,6.081236362457275,2.227684259414673,1.9645947217941284,1.609440565109253
36,4.123014450073242,0.000125,1.2282350063323975,1.30296790599823,1.3124114274978638,6.204391002655029,2.315924644470215,1.9893161058425903,1.6198371648788452
37,4.084266185760498,0.000125,1.195898175239563,1.2934657335281372,1.3156859874725342,6.199062347412109,2.3050026893615723,1.9951773881912231,1.6197624206542969
38,3.9929604530334473,6.25e-05,1.1378651857376099,1.273456335067749,1.302624225616455,6.302501201629639,2.364039897918701,2.029287338256836,1.630263090133667
39,3.972447156906128,6.25e-05,1.120179295539856,1.2716058492660522,1.301856279373169,6.306872844696045,2.3843281269073486,2.0144028663635254,1.6294407844543457
40,3.938825845718384,6.25e-05,1.103512167930603,1.2590924501419067,1.2976032495498657,6.36646032333374,2.4225573539733887,2.043065309524536,1.622309684753418
