epoch,loss,lr,out_large_loss,out_medium_loss,out_small_loss,val_loss,val_out_large_loss,val_out_medium_loss,val_out_small_loss
0,7.610592365264893,0.001,2.719932794570923,2.310215473175049,2.121965169906616,6.584381580352783,2.2247002124786377,1.9547691345214844,1.9718284606933594
1,6.175099849700928,0.001,2.177079439163208,1.8367605209350586,1.779383659362793,5.688603401184082,1.9446077346801758,1.7006514072418213,1.695048213005066
2,5.695850849151611,0.001,2.0226516723632812,1.6903643608093262,1.6492869853973389,5.372413158416748,1.9194711446762085,1.5466525554656982,1.566664218902588
3,5.501807689666748,0.001,1.9557019472122192,1.6108115911483765,1.595340609550476,5.427553176879883,1.9618409872055054,1.5942021608352661,1.523803472518921
4,5.306952953338623,0.001,1.869194507598877,1.5532233715057373,1.537979245185852,5.063297748565674,1.8408005237579346,1.451163649559021,1.4196945428848267
5,5.1909565925598145,0.001,1.832320213317871,1.5125174522399902,1.4944689273834229,5.388489723205566,1.936483383178711,1.5291277170181274,1.5673918724060059
6,5.110422611236572,0.001,1.8062316179275513,1.494779109954834,1.4553043842315674,5.04045295715332,1.7836494445800781,1.4665192365646362,1.4317004680633545
7,5.031191825866699,0.001,1.773978590965271,1.4570183753967285,1.4427433013916016,4.80372428894043,1.6635098457336426,1.3987696170806885,1.3789682388305664
8,4.947639465332031,0.001,1.7512775659561157,1.4255493879318237,1.4125758409500122,4.851308822631836,1.7050435543060303,1.4286226034164429,1.3575443029403687
9,4.892716884613037,0.001,1.7223795652389526,1.420297384262085,1.390557050704956,4.851548194885254,1.717638611793518,1.3915197849273682,1.3776476383209229
10,4.839926719665527,0.001,1.7056262493133545,1.3976069688796997,1.3721760511398315,4.884072303771973,1.7285341024398804,1.3950382471084595,1.3890537023544312
11,4.830076694488525,0.001,1.6976208686828613,1.3932753801345825,1.3688842058181763,4.687625885009766,1.6823146343231201,1.3418611288070679,1.2872869968414307
12,4.778534889221191,0.001,1.6876708269119263,1.3663631677627563,1.350782036781311,4.9297356605529785,1.7459288835525513,1.3746086359024048,1.4298301935195923
13,4.758633136749268,0.001,1.6768723726272583,1.3580528497695923,1.3471643924713135,4.631673812866211,1.6647415161132812,1.2885135412216187,1.2960524559020996
14,4.7071356773376465,0.001,1.6654013395309448,1.3388111591339111,1.3246198892593384,4.896141052246094,1.6975866556167603,1.4380710124969482,1.3782782554626465
15,4.715126991271973,0.001,1.6680071353912354,1.3481265306472778,1.3177062273025513,4.693236827850342,1.700390100479126,1.3127672672271729,1.2945606708526611
16,4.66605806350708,0.001,1.6457715034484863,1.3277331590652466,1.3088693618774414,4.746253490447998,1.6415685415267944,1.3802244663238525,1.3398007154464722
17,4.653771877288818,0.001,1.63970148563385,1.3351274728775024,1.294255018234253,4.980352401733398,1.7236336469650269,1.444923758506775,1.422422170639038
18,4.456975936889648,0.0005,1.569769263267517,1.2569607496261597,1.2542277574539185,4.4983439445495605,1.5916422605514526,1.300815463066101,1.2383677959442139
19,4.4042253494262695,0.0005,1.5513497591018677,1.2586970329284668,1.2332477569580078,4.503053188323975,1.614513874053955,1.247653841972351,1.2838283777236938
20,4.328395843505859,0.0005,1.530300498008728,1.2258210182189941,1.219985842704773,4.469839572906494,1.5829309225082397,1.2618318796157837,1.2748048305511475
21,4.298561096191406,0.0005,1.516880989074707,1.2308224439620972,1.204253077507019,4.4168782234191895,1.5774154663085938,1.2745120525360107,1.2195894718170166
22,4.290771007537842,0.0005,1.5053458213806152,1.2346314191818237,1.207981824874878,4.389913082122803,1.563281536102295,1.2569153308868408,1.2274668216705322
23,4.2425665855407715,0.0005,1.51516592502594,1.2017896175384521,1.1857550144195557,4.36772346496582,1.6081606149673462,1.2319685220718384,1.1883784532546997
24,4.270937919616699,0.0005,1.5085738897323608,1.2221254110336304,1.2022103071212769,4.384341239929199,1.6341878175735474,1.2108045816421509,1.201406717300415
25,4.218834400177002,0.0005,1.4973764419555664,1.202437400817871,1.1824055910110474,4.371770858764648,1.5972400903701782,1.2488843202590942,1.1887564659118652
26,4.225115776062012,0.0005,1.4955551624298096,1.2042222023010254,1.189756989479065,4.294179439544678,1.5540765523910522,1.2306396961212158,1.1734966039657593
27,4.196536064147949,0.0005,1.4815071821212769,1.1975806951522827,1.1820234060287476,4.3788347244262695,1.5936483144760132,1.2626311779022217,1.185930609703064
28,4.199454307556152,0.0005,1.4773590564727783,1.1966842412948608,1.189426302909851,4.279921531677246,1.5580838918685913,1.2009334564208984,1.1846654415130615
29,4.194015026092529,0.0005,1.4852731227874756,1.1907076835632324,1.182054877281189,4.735607624053955,1.7256441116333008,1.4191399812698364,1.2533516883850098
30,4.195985317230225,0.0005,1.4827476739883423,1.1995680332183838,1.176637887954712,4.451402187347412,1.619144320487976,1.2798373699188232,1.2146737575531006
31,4.170224666595459,0.0005,1.4786325693130493,1.1882134675979614,1.1662254333496094,4.4822258949279785,1.6403988599777222,1.2810028791427612,1.2228277921676636
32,4.153946399688721,0.0005,1.464510202407837,1.179125428199768,1.1724458932876587,4.456333160400391,1.6529431343078613,1.266751766204834,1.1971279382705688
33,4.043198108673096,0.00025,1.4182137250900269,1.1545073986053467,1.1346937417984009,4.235601425170898,1.5573146343231201,1.2144708633422852,1.1309034824371338
34,3.9859304428100586,0.00025,1.4010804891586304,1.1377537250518799,1.1166399717330933,4.205936908721924,1.537297248840332,1.205443024635315,1.1344600915908813
35,3.9500937461853027,0.00025,1.3762850761413574,1.1307990550994873,1.1161463260650635,4.2334513664245605,1.589139699935913,1.1957067251205444,1.1228783130645752
36,3.9527759552001953,0.00025,1.3789504766464233,1.132072925567627,1.1177066564559937,4.284806251525879,1.6259970664978027,1.196556568145752,1.1393589973449707
37,3.9304966926574707,0.00025,1.3743562698364258,1.132161021232605,1.1023969650268555,4.2032551765441895,1.5791254043579102,1.1745469570159912,1.1287559270858765
38,3.902939558029175,0.00025,1.3595985174179077,1.1247267723083496,1.0990160703659058,4.240575790405273,1.5904223918914795,1.1786020994186401,1.152699589729309
39,3.8878729343414307,0.00025,1.3574479818344116,1.1111022233963013,1.101446270942688,4.211839199066162,1.5732215642929077,1.1611709594726562,1.16015625
40,3.8947808742523193,0.00025,1.3524260520935059,1.1232068538665771,1.1026183366775513,4.301567554473877,1.597009539604187,1.2000131607055664,1.18851900100708
41,3.8940834999084473,0.00025,1.3557075262069702,1.1213010549545288,1.1017999649047852,4.416275978088379,1.6769688129425049,1.2354830503463745,1.1889277696609497
42,3.8141956329345703,0.000125,1.3166815042495728,1.1030176877975464,1.080871343612671,4.208277225494385,1.629982829093933,1.165785312652588,1.099930763244629
43,3.7927892208099365,0.000125,1.3127484321594238,1.0906723737716675,1.0778498649597168,4.246002674102783,1.6292318105697632,1.1676671504974365,1.1383745670318604
44,3.754429817199707,0.000125,1.288549542427063,1.0880272388458252,1.0680488348007202,4.161842346191406,1.595245361328125,1.1516509056091309,1.1059181690216064
45,3.743130922317505,0.000125,1.2789974212646484,1.085019588470459,1.0709542036056519,4.1454081535339355,1.5775558948516846,1.1555942296981812,1.1047900915145874
46,3.7377405166625977,0.000125,1.2771508693695068,1.0859116315841675,1.0679926872253418,4.209090232849121,1.608259677886963,1.1685181856155396,1.1262240409851074
47,3.741910934448242,0.000125,1.2794009447097778,1.0957542657852173,1.0612794160842896,4.135900020599365,1.5789908170700073,1.15736722946167,1.094570517539978
48,3.7203102111816406,0.000125,1.271546721458435,1.0874857902526855,1.0569655895233154,4.235682487487793,1.6231396198272705,1.170746922492981,1.138084888458252
49,3.7147483825683594,0.000125,1.2778815031051636,1.0712984800338745,1.0625194311141968,4.233575820922852,1.635451078414917,1.1682050228118896,1.1273934841156006
